Team Abbr,Logo Path
ARI,logos/ARI.png
ATL,logos/ATL.png
BAL,logos/BAL.png
BUF,logos/BUF.png
CAR,logos/CAR.png
CHI,logos/CHI.png
CIN,logos/CIN.png
CLE,logos/CLE.png
DAL,logos/DAL.png
DEN,logos/DEN.png
DET,logos/DET.png
GB,logos/GB.png
HOU,logos/HOU.png
IND,logos/IND.png
JAX,logos/JAX.png
KC,logos/KC.png
LA,logos/LA.png
LAC,logos/LAC.png
LAR,logos/LAR.png
LV,logos/LV.png
MIA,logos/MIA.png
MIN,logos/MIN.png
NE,logos/NE.png
NO,logos/NO.png
NYG,logos/NYG.png
NYJ,logos/NYJ.png
OAK,logos/OAK.png
PHI,logos/PHI.png
PIT,logos/PIT.png
SD,logos/SD.png
SEA,logos/SEA.png
SF,logos/SF.png
STL,logos/STL.png
TB,logos/TB.png
TEN,logos/TEN.png
WAS,logos/WAS.png
